<?xml version="1.0" encoding="UTF-8"?>
<project-private xmlns="http://www.netbeans.org/ns/project-private/1">
    <editor-bookmarks xmlns="http://www.netbeans.org/ns/editor-bookmarks/2" lastBookmarkId="0"/>
    <open-files xmlns="http://www.netbeans.org/ns/projectui-open-files/2">
        <group>
            <file>file:/C:/Users/Andres/Documents/NetBeansProjects/CripEx16/src/METODOS.java</file>
            <file>file:/C:/Users/Andres/Documents/NetBeansProjects/CripEx16/src/CRIPEX16.java</file>
            <file>file:/C:/Users/Andres/Documents/NetBeansProjects/CripEx16/src/CRIP_IMG.java</file>
            <file>file:/C:/Users/Andres/Documents/NetBeansProjects/CripEx16/src/SHOW_IMG.java</file>
        </group>
    </open-files>
</project-private>
